INSERT INTO BS_BUSINESS_UNITS (id, name, reference, effective_activity_threshold, tenant_id)
VALUES ('8179C70D-D977-4FEE-8C06-42B9A98E6D35', 'TO_MARKET_ATTRIBUTE', 'TO_MARKET_ATTRIBUTE', 24,
        'F8523E75-9070-4A60-991A-BF22A46F0866')
ON CONFLICT DO NOTHING;


INSERT INTO market_attributes (id, business_id, label, dataType, subjectType, tenant_id)
VALUES ('5825F53E-4DA2-49AA-BD0E-0E20604033E5', '8179C70D-D977-4FEE-8C06-42B9A98E6D35', 'MULTIPLE_LIST_VALIDATE',
        'LIST_MULTIPLE_ANS', 'CUSTOMER', 'f8523e75-9070-4a60-991a-bf22a46f0866'),
       ('C703C756-97C2-48AD-A145-A82BE59EDF0E', '8179C70D-D977-4FEE-8C06-42B9A98E6D35', 'SINGLE_LIST_VALIDATE',
        'LIST_SINGLE_ANS', 'CUSTOMER', 'f8523e75-9070-4a60-991a-bf22a46f0866')
ON CONFLICT DO NOTHING;

INSERT INTO market_attribute_picklist_details (id, attribute_id, list_value, tenant_id)
VALUES ('7FBB66C5-81FF-4966-AE79-7054BA20BDBB', '5825F53E-4DA2-49AA-BD0E-0E20604033E5', 'MULT_OPTION_A',
        'f8523e75-9070-4a60-991a-bf22a46f0866'),
       ('13997A4C-215D-4FC3-980B-2F7F3A510CFC', '5825F53E-4DA2-49AA-BD0E-0E20604033E5', 'MULT_OPTION_B',
        'f8523e75-9070-4a60-991a-bf22a46f0866'),
       ('85BC4D3B-E307-4C27-8948-7134CC02FFD5', '5825F53E-4DA2-49AA-BD0E-0E20604033E5', 'MULT_OPTION_C',
        'f8523e75-9070-4a60-991a-bf22a46f0866'),
       ('5ECC96FD-6F42-4830-B826-BDF783474D4D', 'C703C756-97C2-48AD-A145-A82BE59EDF0E', 'SING_OPTION_A',
        'f8523e75-9070-4a60-991a-bf22a46f0866'),
       ('F249BF7D-9E1C-469C-852B-C8FA28A58F53', 'C703C756-97C2-48AD-A145-A82BE59EDF0E', 'SING_OPTION_B',
        'f8523e75-9070-4a60-991a-bf22a46f0866'),
       ('A3CF8F31-5676-43FD-B17A-DC397A535A03', 'C703C756-97C2-48AD-A145-A82BE59EDF0E', 'SING_OPTION_C',
        'f8523e75-9070-4a60-991a-bf22a46f0866')
ON CONFLICT DO NOTHING;

INSERT INTO market_attribute_value (tenant_id, id, attribute_id, value, subject_id, is_deleted)
VALUES ('f8523e75-9070-4a60-991a-bf22a46f0866', '36ADFF3A-65BD-4362-9708-47D02ADC1FDC',
        '5825F53E-4DA2-49AA-BD0E-0E20604033E5',
        '["7FBB66C5-81FF-4966-AE79-7054BA20BDBB","85BC4D3B-E307-4C27-8948-7134CC02FFD5"]',
        '430F5FE2-1807-4EB8-836D-213C6FA24684', false),
       ('f8523e75-9070-4a60-991a-bf22a46f0866', 'D423725F-D84B-4112-AAC7-2D52C3D145FC',
        '5825F53E-4DA2-49AA-BD0E-0E20604033E5',
        '["7FBB66C5-81FF-4966-AE79-7054BA20BDBB","13997A4C-215D-4FC3-980B-2F7F3A510CFC","85BC4D3B-E307-4C27-8948-7134CC02FFD5"]',
        '430F5FE2-1807-4EB8-836D-213C6FA24684', false),
       ('f8523e75-9070-4a60-991a-bf22a46f0866', 'F01E1CB0-D4AE-4A3A-8DEF-287F9C867C2E',
        '5825F53E-4DA2-49AA-BD0E-0E20604033E5', '["7FBB66C5-81FF-4966-AE79-7054BA20BDBB"]',
        '430F5FE2-1807-4EB8-836D-213C6FA24684', false),
       ('f8523e75-9070-4a60-991a-bf22a46f0866', '714766E2-73D8-4175-9F61-3AEEBA5C196A',
        'C703C756-97C2-48AD-A145-A82BE59EDF0E', '"5ECC96FD-6F42-4830-B826-BDF783474D4D"',
        '430F5FE2-1807-4EB8-836D-213C6FA24684', false),
       ('f8523e75-9070-4a60-991a-bf22a46f0866', '96DAFE16-A915-4672-A07C-384DABC99AF8',
        'C703C756-97C2-48AD-A145-A82BE59EDF0E', '"F249BF7D-9E1C-469C-852B-C8FA28A58F53"',
        '430F5FE2-1807-4EB8-836D-213C6FA24684', false),
       ('f8523e75-9070-4a60-991a-bf22a46f0866', '1FE7745C-C7A3-4303-BCE3-98FC6C4F7A4E',
        'C703C756-97C2-48AD-A145-A82BE59EDF0E', '"5ECC96FD-6F42-4830-B826-BDF783474D4D"',
        '430F5FE2-1807-4EB8-836D-213C6FA24684', false)
ON CONFLICT DO NOTHING;