INSERT INTO BS_BUSINESS_UNITS (id, name, reference, effective_activity_threshold, tenant_id)
VALUES ('8179C70D-D977-4FEE-8C06-42B9A98E6D35', 'TO_MARKET_ATTRIBUTE', 'TO_MARKET_ATTRIBUTE', 24,
        'F8523E75-9070-4A60-991A-BF22A46F0866')
ON CONFLICT DO NOTHING;

INSERT INTO market_attributes (id, business_id, label, dataType, subjectType, tenant_id)
VALUES ('96FE3358-0995-4A8A-A0A5-6F8E5C309BB1', '8179C70D-D977-4FEE-8C06-42B9A98E6D35', 'Servicios ofrecidos',
        'LIST_MULTIPLE_ANS', 'CUSTOMER', 'f8523e75-9070-4a60-991a-bf22a46f0866'),
       ('E2872F41-5FE8-4528-B21E-08927D1CED9B', '8179C70D-D977-4FEE-8C06-42B9A98E6D35',
        'Cantidad de perros que atiende', 'NUMBER', 'CUSTOMER', 'f8523e75-9070-4a60-991a-bf22a46f0866'),
       ('49D4674C-E7DD-40A8-9F47-2A46ECA3FA0E', '8179C70D-D977-4FEE-8C06-42B9A98E6D35', 'Animales que atiende',
        'LIST_MULTIPLE_ANS', 'CUSTOMER', 'f8523e75-9070-4a60-991a-bf22a46f0866'),
       ('70BA2CDA-C56A-4C6E-A2ED-1D69FE01A6DE', '8179C70D-D977-4FEE-8C06-42B9A98E6D35',
        'Pertenece al club mascotas', 'BOOLEAN', 'CUSTOMER', 'f8523e75-9070-4a60-991a-bf22a46f0866'),
       ('DA7A608D-2CD2-4EF1-BE10-3C96A57353F8', '8179C70D-D977-4FEE-8C06-42B9A98E6D35', 'Especialidad del local',
        'STRING', 'CUSTOMER', 'f8523e75-9070-4a60-991a-bf22a46f0866'),

       ('AC931857-3905-4C06-AFD5-23FF6ABC6F85', '8179C70D-D977-4FEE-8C06-42B9A98E6D35',
        'Universidad donde realizo estudios', 'STRING', 'CONTACT', 'f8523e75-9070-4a60-991a-bf22a46f0866'),
       ('519696D7-FD22-450F-AEC6-96543C3C46BC', '8179C70D-D977-4FEE-8C06-42B9A98E6D35', 'Especialidad', 'STRING',
        'CONTACT', 'f8523e75-9070-4a60-991a-bf22a46f0866')
ON CONFLICT DO NOTHING;

INSERT INTO market_attribute_picklist_details (id, attribute_id, list_value, tenant_id)
VALUES ('C6DAFFB8-AF56-462C-AEAC-E816AC0A1E74', '96FE3358-0995-4A8A-A0A5-6F8E5C309BB1', 'Guarderia',
        'f8523e75-9070-4a60-991a-bf22a46f0866'),
       ('32411F33-F861-42C3-B3DE-3B358640655B', '96FE3358-0995-4A8A-A0A5-6F8E5C309BB1', 'Peluqueria',
        'f8523e75-9070-4a60-991a-bf22a46f0866'),
       ('190ABD2B-9160-4060-834B-576B6D275C0B', '96FE3358-0995-4A8A-A0A5-6F8E5C309BB1', 'Cirugia',
        'f8523e75-9070-4a60-991a-bf22a46f0866'),
       ('2CA9199C-0D6B-4F21-AC11-7BB3BDBBA0A1', '49D4674C-E7DD-40A8-9F47-2A46ECA3FA0E', 'Perros',
        'f8523e75-9070-4a60-991a-bf22a46f0866'),
       ('AC1B3E44-EA4B-495F-AFAC-886104EDF8FC', '49D4674C-E7DD-40A8-9F47-2A46ECA3FA0E', 'Gatos',
        'f8523e75-9070-4a60-991a-bf22a46f0866'),
       ('14741A9F-A318-463F-A319-CE9595D8123D', '49D4674C-E7DD-40A8-9F47-2A46ECA3FA0E', 'Aves',
        'f8523e75-9070-4a60-991a-bf22a46f0866')
ON CONFLICT DO NOTHING;

-- Attribute values for Contact -- Attribute_1
INSERT INTO market_attribute_value (id, attribute_id, value, subject_id, is_deleted, tenant_id)
VALUES ('A36FFE97-D127-4232-AB2B-6C858486D9F4', 'AC931857-3905-4C06-AFD5-23FF6ABC6F85', '"Universidad Icesi"',
        '96608184-E4EE-498F-862B-86A92A8B5B4D', false, 'f8523e75-9070-4a60-991a-bf22a46f0866')
ON CONFLICT DO NOTHING;

-- Attribute values for Contact -- Attribute_1
INSERT INTO market_attribute_value (id, attribute_id, value, subject_id, is_deleted, tenant_id)
VALUES ('C7FA4F75-5D77-4B3E-B8E8-002DCE517C62', '519696D7-FD22-450F-AEC6-96543C3C46BC', '"Oncologia"',
        '96608184-E4EE-498F-862B-86A92A8B5B4D', false, 'f8523e75-9070-4a60-991a-bf22a46f0866')
ON CONFLICT DO NOTHING;

-- Attribute values for Customers -- Attribute_1
INSERT INTO market_attribute_value (id, attribute_id, value, subject_id, is_deleted, tenant_id)
VALUES ('1701E93B-7547-4CF4-B354-554C68A3F094', '96FE3358-0995-4A8A-A0A5-6F8E5C309BB1',
        '["C6DAFFB8-AF56-462C-AEAC-E816AC0A1E74", "32411F33-F861-42C3-B3DE-3B358640655B", "190ABD2B-9160-4060-834B-576B6D275C0B"]',
        '75EA3E8C-AF05-4B1A-9936-676283E7A5FF', false, 'f8523e75-9070-4a60-991a-bf22a46f0866'),
       ('0AF528F6-85C6-47D5-8A44-2839980E5967', '96FE3358-0995-4A8A-A0A5-6F8E5C309BB1',
        '["C6DAFFB8-AF56-462C-AEAC-E816AC0A1E74", "32411F33-F861-42C3-B3DE-3B358640655B"]',
        'D3D980C3-0F4B-47E2-8F10-3678D873CDB2', false, 'f8523e75-9070-4a60-991a-bf22a46f0866'),
       ('78351828-915F-4949-A6D0-541990E42FED', '96FE3358-0995-4A8A-A0A5-6F8E5C309BB1',
        '["C6DAFFB8-AF56-462C-AEAC-E816AC0A1E74"]', '26F09E26-4AFD-42BC-8BB8-CF46D02BB0B8', false,
        'f8523e75-9070-4a60-991a-bf22a46f0866'),
       ('BA87C796-0788-4B56-8E8A-9FACE82ABAAD', '96FE3358-0995-4A8A-A0A5-6F8E5C309BB1',
        '["C6DAFFB8-AF56-462C-AEAC-E816AC0A1E74", "32411F33-F861-42C3-B3DE-3B358640655B", "190ABD2B-9160-4060-834B-576B6D275C0B"]',
        '988A17AA-BD52-4525-9241-73B49D595703', false, 'f8523e75-9070-4a60-991a-bf22a46f0866'),
       ('727DBD67-5427-4F5D-B91C-7255B828BA0A', '96FE3358-0995-4A8A-A0A5-6F8E5C309BB1',
        '["C6DAFFB8-AF56-462C-AEAC-E816AC0A1E74"]', 'BD14CCBE-1D6C-42C7-9F0F-F6A2F1470A34', false,
        'f8523e75-9070-4a60-991a-bf22a46f0866'),
       ('E4CEAD4C-35DD-457E-900C-078F242DF71A', '96FE3358-0995-4A8A-A0A5-6F8E5C309BB1',
        '["C6DAFFB8-AF56-462C-AEAC-E816AC0A1E74", "32411F33-F861-42C3-B3DE-3B358640655B", "190ABD2B-9160-4060-834B-576B6D275C0B"]',
        '6BB91FBC-A3B8-423D-9338-3123DAC55446', false, 'f8523e75-9070-4a60-991a-bf22a46f0866'),
       ('1AC35281-5AA2-49FE-8741-139C72746A2B', '96FE3358-0995-4A8A-A0A5-6F8E5C309BB1',
        '["C6DAFFB8-AF56-462C-AEAC-E816AC0A1E74", "32411F33-F861-42C3-B3DE-3B358640655B"]',
        '03183E44-CE01-439B-91E2-6B65B15CCCAF', false, 'f8523e75-9070-4a60-991a-bf22a46f0866'),
       ('DBE903A0-3698-4E93-8A81-6F5A228275B1', '96FE3358-0995-4A8A-A0A5-6F8E5C309BB1',
        '["C6DAFFB8-AF56-462C-AEAC-E816AC0A1E74"]', '6523B7A3-0AA7-44B3-89F0-AFBA02CCDC04', false,
        'f8523e75-9070-4a60-991a-bf22a46f0866'),
       ('32E8DB69-D1BE-431A-AF2D-D06B527DA947', '96FE3358-0995-4A8A-A0A5-6F8E5C309BB1',
        '["C6DAFFB8-AF56-462C-AEAC-E816AC0A1E74", "32411F33-F861-42C3-B3DE-3B358640655B", "190ABD2B-9160-4060-834B-576B6D275C0B"]',
        '2F726C02-6262-4B08-AA94-0F0874A1F5E3', false, 'f8523e75-9070-4a60-991a-bf22a46f0866')
ON CONFLICT DO NOTHING;

-- Attribute values for Customers -- Attribute_2
INSERT INTO market_attribute_value (id, attribute_id, value, subject_id, is_deleted, tenant_id)
VALUES ('37FBB6DA-A27F-47B3-AC9A-E59A89447DB0', 'E2872F41-5FE8-4528-B21E-08927D1CED9B', '300',
        '75EA3E8C-AF05-4B1A-9936-676283E7A5FF', false, 'f8523e75-9070-4a60-991a-bf22a46f0866'),
       ('901823CD-87DB-4500-8543-3755C5901DA1', 'E2872F41-5FE8-4528-B21E-08927D1CED9B', '200',
        'D3D980C3-0F4B-47E2-8F10-3678D873CDB2', false, 'f8523e75-9070-4a60-991a-bf22a46f0866'),
       ('7BF2028E-FC12-443D-83A9-CC8403B2A867', 'E2872F41-5FE8-4528-B21E-08927D1CED9B', '100',
        '26F09E26-4AFD-42BC-8BB8-CF46D02BB0B8', false, 'f8523e75-9070-4a60-991a-bf22a46f0866'),
       ('D5D026CC-6DDC-4E1D-B221-553A7A6277FB', 'E2872F41-5FE8-4528-B21E-08927D1CED9B', '200',
        '5B4E12B2-7653-4CDB-BC08-5E008735012E', false, 'f8523e75-9070-4a60-991a-bf22a46f0866'),
       ('EE81D9EE-677D-4F62-990E-922670EC22DA', 'E2872F41-5FE8-4528-B21E-08927D1CED9B', '100',
        'BD14CCBE-1D6C-42C7-9F0F-F6A2F1470A34', false, 'f8523e75-9070-4a60-991a-bf22a46f0866'),
       ('A9F96F64-8A6E-4D99-9ACE-F695497A4218', 'E2872F41-5FE8-4528-B21E-08927D1CED9B', '300',
        '6BB91FBC-A3B8-423D-9338-3123DAC55446', false, 'f8523e75-9070-4a60-991a-bf22a46f0866'),
       ('D65FF29D-A528-4AE1-8B44-1E60CA6B64B6', 'E2872F41-5FE8-4528-B21E-08927D1CED9B', '200',
        '03183E44-CE01-439B-91E2-6B65B15CCCAF', false, 'f8523e75-9070-4a60-991a-bf22a46f0866'),
       ('9C741231-B6E9-4B62-8053-55581C8F952D', 'E2872F41-5FE8-4528-B21E-08927D1CED9B', '100',
        '6523B7A3-0AA7-44B3-89F0-AFBA02CCDC04', false, 'f8523e75-9070-4a60-991a-bf22a46f0866'),
       ('80FAC2A1-175C-48EE-BDA7-7A97CCDFD38E', 'E2872F41-5FE8-4528-B21E-08927D1CED9B', '300',
        '2F726C02-6262-4B08-AA94-0F0874A1F5E3', false, 'f8523e75-9070-4a60-991a-bf22a46f0866')
ON CONFLICT DO NOTHING;

-- Attribute values for Customers -- Attribute_3
INSERT INTO market_attribute_value (id, attribute_id, value, subject_id, is_deleted, tenant_id)
VALUES ('0C2020F7-7ADF-4537-8DE2-A56BCC44CDB8', '49D4674C-E7DD-40A8-9F47-2A46ECA3FA0E',
        '["2CA9199C-0D6B-4F21-AC11-7BB3BDBBA0A1", "AC1B3E44-EA4B-495F-AFAC-886104EDF8FC", "14741A9F-A318-463F-A319-CE9595D8123D"]',
        '75EA3E8C-AF05-4B1A-9936-676283E7A5FF', false, 'f8523e75-9070-4a60-991a-bf22a46f0866'),
       ('EEB95FE4-2C14-44F5-9E01-91FCE5B1A1A6', '49D4674C-E7DD-40A8-9F47-2A46ECA3FA0E',
        '["2CA9199C-0D6B-4F21-AC11-7BB3BDBBA0A1", "AC1B3E44-EA4B-495F-AFAC-886104EDF8FC"]',
        'D3D980C3-0F4B-47E2-8F10-3678D873CDB2', false, 'f8523e75-9070-4a60-991a-bf22a46f0866'),
       ('73D8187F-AB94-4E3A-B445-B1CC501D1058', '49D4674C-E7DD-40A8-9F47-2A46ECA3FA0E',
        '["2CA9199C-0D6B-4F21-AC11-7BB3BDBBA0A1", "AC1B3E44-EA4B-495F-AFAC-886104EDF8FC", "14741A9F-A318-463F-A319-CE9595D8123D"]',
        '988A17AA-BD52-4525-9241-73B49D595703', false, 'f8523e75-9070-4a60-991a-bf22a46f0866'),
       ('51F7335F-6794-4203-86E1-177832CAAEAD', '49D4674C-E7DD-40A8-9F47-2A46ECA3FA0E',
        '["2CA9199C-0D6B-4F21-AC11-7BB3BDBBA0A1", "AC1B3E44-EA4B-495F-AFAC-886104EDF8FC"]',
        '5B4E12B2-7653-4CDB-BC08-5E008735012E', false, 'f8523e75-9070-4a60-991a-bf22a46f0866'),
       ('ECB490F8-1016-475F-91F8-D5C18D58F81B', '49D4674C-E7DD-40A8-9F47-2A46ECA3FA0E',
        '["2CA9199C-0D6B-4F21-AC11-7BB3BDBBA0A1"]', 'BD14CCBE-1D6C-42C7-9F0F-F6A2F1470A34', false,
        'f8523e75-9070-4a60-991a-bf22a46f0866'),
       ('BA622BC2-E52D-469A-95EE-3FCA3BA91F06', '49D4674C-E7DD-40A8-9F47-2A46ECA3FA0E',
        '["2CA9199C-0D6B-4F21-AC11-7BB3BDBBA0A1", "AC1B3E44-EA4B-495F-AFAC-886104EDF8FC", "14741A9F-A318-463F-A319-CE9595D8123D"]',
        '6BB91FBC-A3B8-423D-9338-3123DAC55446', false, 'f8523e75-9070-4a60-991a-bf22a46f0866'),
       ('455315A3-3D7A-454D-9F5B-EE0AC259296E', '49D4674C-E7DD-40A8-9F47-2A46ECA3FA0E',
        '["2CA9199C-0D6B-4F21-AC11-7BB3BDBBA0A1", "AC1B3E44-EA4B-495F-AFAC-886104EDF8FC"]',
        '03183E44-CE01-439B-91E2-6B65B15CCCAF', false, 'f8523e75-9070-4a60-991a-bf22a46f0866'),
       ('DDC3C522-C06E-471D-B68C-B0A91E1CFB4A', '49D4674C-E7DD-40A8-9F47-2A46ECA3FA0E',
        '["2CA9199C-0D6B-4F21-AC11-7BB3BDBBA0A1"]', '6523B7A3-0AA7-44B3-89F0-AFBA02CCDC04', false,
        'f8523e75-9070-4a60-991a-bf22a46f0866'),
       ('874B2C4E-C40A-4CD8-A4ED-896674339F23', '49D4674C-E7DD-40A8-9F47-2A46ECA3FA0E',
        '["2CA9199C-0D6B-4F21-AC11-7BB3BDBBA0A1", "AC1B3E44-EA4B-495F-AFAC-886104EDF8FC", "14741A9F-A318-463F-A319-CE9595D8123D"]',
        '2F726C02-6262-4B08-AA94-0F0874A1F5E3', false, 'f8523e75-9070-4a60-991a-bf22a46f0866')
ON CONFLICT DO NOTHING;

-- Attribute values for Customers -- Attribute_4
INSERT INTO market_attribute_value (id, attribute_id, value, subject_id, is_deleted, tenant_id)
VALUES ('ED7CA8DE-2D2B-4037-B6A3-63B5C304A0DA', '70BA2CDA-C56A-4C6E-A2ED-1D69FE01A6DE', 'true',
        '75EA3E8C-AF05-4B1A-9936-676283E7A5FF', false, 'f8523e75-9070-4a60-991a-bf22a46f0866'),
       ('865BFCD8-1D17-4D6B-9339-6D2A2E9CADFC', '70BA2CDA-C56A-4C6E-A2ED-1D69FE01A6DE', 'true',
        '26F09E26-4AFD-42BC-8BB8-CF46D02BB0B8', false, 'f8523e75-9070-4a60-991a-bf22a46f0866'),
       ('147981D9-3CC6-41FA-9F68-A8C906FD0099', '70BA2CDA-C56A-4C6E-A2ED-1D69FE01A6DE', 'true',
        '988A17AA-BD52-4525-9241-73B49D595703', false, 'f8523e75-9070-4a60-991a-bf22a46f0866'),
       ('EC8CD67F-24E7-443B-BF27-4BE7A0A1A5FF', '70BA2CDA-C56A-4C6E-A2ED-1D69FE01A6DE', 'false',
        '5B4E12B2-7653-4CDB-BC08-5E008735012E', false, 'f8523e75-9070-4a60-991a-bf22a46f0866'),
       ('50399B0B-5BF9-47F1-AD9D-56C7FB3721B2', '70BA2CDA-C56A-4C6E-A2ED-1D69FE01A6DE', 'true',
        'BD14CCBE-1D6C-42C7-9F0F-F6A2F1470A34', false, 'f8523e75-9070-4a60-991a-bf22a46f0866'),
       ('05F1CC32-7F4D-42E6-BEAA-5B0F54612C2B', '70BA2CDA-C56A-4C6E-A2ED-1D69FE01A6DE', 'true',
        '6BB91FBC-A3B8-423D-9338-3123DAC55446', false, 'f8523e75-9070-4a60-991a-bf22a46f0866'),
       ('E30701CD-F1C7-4B5B-A4E8-00FFABCA7185', '70BA2CDA-C56A-4C6E-A2ED-1D69FE01A6DE', 'false',
        '03183E44-CE01-439B-91E2-6B65B15CCCAF', false, 'f8523e75-9070-4a60-991a-bf22a46f0866'),
       ('E678C73F-EFEA-481F-AC4D-F08C89CC4A68', '70BA2CDA-C56A-4C6E-A2ED-1D69FE01A6DE', 'true',
        '6523B7A3-0AA7-44B3-89F0-AFBA02CCDC04', false, 'f8523e75-9070-4a60-991a-bf22a46f0866'),
       ('B851B71F-BEC1-451F-9BC6-422AE2714705', '70BA2CDA-C56A-4C6E-A2ED-1D69FE01A6DE', 'true',
        '2F726C02-6262-4B08-AA94-0F0874A1F5E3', false, 'f8523e75-9070-4a60-991a-bf22a46f0866')
ON CONFLICT DO NOTHING;

-- Attribute values for Customers -- Attribute_5
INSERT INTO market_attribute_value (id, attribute_id, value, subject_id, is_deleted, tenant_id)
VALUES ('C009E4A7-D6E2-4815-80CD-D374D1B468A4', 'DA7A608D-2CD2-4EF1-BE10-3C96A57353F8', '"Limpieza"',
        '75EA3E8C-AF05-4B1A-9936-676283E7A5FF', false, 'f8523e75-9070-4a60-991a-bf22a46f0866'),
       ('27C09387-7874-4B3F-880C-828D44D461DD', 'DA7A608D-2CD2-4EF1-BE10-3C96A57353F8', '"Cuidado oral"',
        'D3D980C3-0F4B-47E2-8F10-3678D873CDB2', false, 'f8523e75-9070-4a60-991a-bf22a46f0866'),
       ('A1753572-7B37-4B81-9FE0-3ED8C54AFDF7', 'DA7A608D-2CD2-4EF1-BE10-3C96A57353F8', '"Control parasitario"',
        '26F09E26-4AFD-42BC-8BB8-CF46D02BB0B8', false, 'f8523e75-9070-4a60-991a-bf22a46f0866'),
       ('59CD2387-44FD-473E-8100-0969A4A148A2', 'DA7A608D-2CD2-4EF1-BE10-3C96A57353F8', '"Limpieza"',
        '988A17AA-BD52-4525-9241-73B49D595703', false, 'f8523e75-9070-4a60-991a-bf22a46f0866'),
       ('302A0CC9-9BBF-4CEA-8792-24C33E5BC658', 'DA7A608D-2CD2-4EF1-BE10-3C96A57353F8', '"Cuidado oral"',
        '5B4E12B2-7653-4CDB-BC08-5E008735012E', false, 'f8523e75-9070-4a60-991a-bf22a46f0866'),
       ('F7AD7091-FDF2-4BA2-A097-48915C81BC65', 'DA7A608D-2CD2-4EF1-BE10-3C96A57353F8', '"Control parasitario"',
        'BD14CCBE-1D6C-42C7-9F0F-F6A2F1470A34', false, 'f8523e75-9070-4a60-991a-bf22a46f0866'),
       ('63680343-BD00-41B0-B72F-E32EB1A02F0A', 'DA7A608D-2CD2-4EF1-BE10-3C96A57353F8', '"Limpieza"',
        '6BB91FBC-A3B8-423D-9338-3123DAC55446', false, 'f8523e75-9070-4a60-991a-bf22a46f0866'),
       ('34E81DD5-FD83-441E-A018-99D0496BC69E', 'DA7A608D-2CD2-4EF1-BE10-3C96A57353F8', '"Cuidado oral"',
        '03183E44-CE01-439B-91E2-6B65B15CCCAF', false, 'f8523e75-9070-4a60-991a-bf22a46f0866'),
       ('4296B64E-F881-4AD0-B562-DA457B105B6C', 'DA7A608D-2CD2-4EF1-BE10-3C96A57353F8', '"Control parasitario"',
        '6523B7A3-0AA7-44B3-89F0-AFBA02CCDC04', false, 'f8523e75-9070-4a60-991a-bf22a46f0866'),
       ('547E2B17-5773-443F-8981-678A1DDD953D', 'DA7A608D-2CD2-4EF1-BE10-3C96A57353F8', '"Limpieza"',
        '2F726C02-6262-4B08-AA94-0F0874A1F5E3', false, 'f8523e75-9070-4a60-991a-bf22a46f0866')
ON CONFLICT DO NOTHING;
