TRUNCATE TABLE SALES_ACTIVITIES CASCADE;
INSERT INTO SALES_ACTIVITIES(TENANT_ID, ID, SALES_REP_ID, BUYER_ID, SUPPLIER_ID, PURPOSE_ID, ACTIVITY_DATE,
                             CREATION_DATE, LATITUDE, LONGITUDE, IS_EFFECTIVE, COMMENTS)
VALUES ('F8523E75-9070-4A60-991A-BF22A46F0866', '4C75CAA7-FD49-49EB-9953-B4CA4C239004',
        'DF20D5BD-F16A-48B0-9922-0D5E537DCB24',
        '88905949-3733-41DB-918C-047262D29B52', '4DD576FE-F4DD-4E95-9274-0BA553D056B9',
        '4EDB9A68-FA61-4581-85B3-0670868E73F9',
        '2000-01-15', '2000-01-15', 3.45626, -76.4909, false, 'EXISTENT'),
       ('F8523E75-9070-4A60-991A-BF22A46F0866', '99F0F71F-6E91-488C-988C-BD1B9AD4A267',
        'DF20D5BD-F16A-48B0-9922-0D5E537DCB24',
        '88905949-3733-41DB-918C-047262D29B52', '4DD576FE-F4DD-4E95-9274-0BA553D056B9',
        '4EDB9A68-FA61-4581-85B3-0670868E73F9',
        '2000-01-15', '2000-01-15', 3.45626, -76.4909, false, 'TO_UPDATE'),
       ('F8523E75-9070-4A60-991A-BF22A46F0866', '0AB2532B-F2B3-4DB9-8286-EDFA73B53F61',
        'DF20D5BD-F16A-48B0-9922-0D5E537DCB24',
        '88905949-3733-41DB-918C-047262D29B52', '4DD576FE-F4DD-4E95-9274-0BA553D056B9',
        '4EDB9A68-FA61-4581-85B3-0670868E73F9',
        '2000-01-15', '2000-01-15', 3.45626, -76.4909, false, 'TO_DELETE'),
       ('F8523E75-9070-4A60-991A-BF22A46F0866', '0A2A4E13-1DAF-45D6-91AC-E3D09A5DC4D6',
        'DF20D5BD-F16A-48B0-9922-0D5E537DCB24',
        '88905949-3733-41DB-918C-047262D29B52', '4DD576FE-F4DD-4E95-9274-0BA553D056B9',
        '4EDB9A68-FA61-4581-85B3-0670868E73F9',
        '2000-01-15', '2000-01-15', 3.45626, -76.4909, false, 'TO_DELETE_DETAILS'),
       ('F8523E75-9070-4A60-991A-BF22A46F0866', '95F412CA-7CE3-4A39-B5FE-411EDAEF2199',
        'DF20D5BD-F16A-48B0-9922-0D5E537DCB24',
        '88905949-3733-41DB-918C-047262D29B52', '4DD576FE-F4DD-4E95-9274-0BA553D056B9',
        '4EDB9A68-FA61-4581-85B3-0670868E73F9',
        '1990-01-02', '1990-01-02', 3.45626, -76.4909, false, 'TO_CHANGE_EFFECTIVE'),
       ('F8523E75-9070-4A60-991A-BF22A46F0866', 'A50B47EA-6344-465B-9312-492E430A0AF3',
        'DF20D5BD-F16A-48B0-9922-0D5E537DCB24',
        '88905949-3733-41DB-918C-047262D29B52', '4DD576FE-F4DD-4E95-9274-0BA553D056B9',
        '4EDB9A68-FA61-4581-85B3-0670868E73F9',
        '2005-01-02', '2005-01-02', 3.45626, -76.4909, true, 'TO_UPDATE_EFFECTIVE_ACTIVITY'),
       ('F8523E75-9070-4A60-991A-BF22A46F0866', '11C66723-D10F-4118-BF86-BABC6EC1C2C0',
        'DF20D5BD-F16A-48B0-9922-0D5E537DCB24',
        '88905949-3733-41DB-918C-047262D29B52', '4DD576FE-F4DD-4E95-9274-0BA553D056B9',
        '4EDB9A68-FA61-4581-85B3-0670868E73F9',
        '2004-01-02', '2004-01-02', 3.45626, -76.4909, false, 'TO_ORDER_ACT_EFFECTIVE'),
       ('F8523E75-9070-4A60-991A-BF22A46F0866', '4B963357-50A1-477D-BE3D-BC706E894C55',
        'DF20D5BD-F16A-48B0-9922-0D5E537DCB24',
        '88905949-3733-41DB-918C-047262D29B52', '4DD576FE-F4DD-4E95-9274-0BA553D056B9',
        '4EDB9A68-FA61-4581-85B3-0670868E73F9',
        '2006-01-02', '2006-01-02', 3.45626, -76.4909, true, 'TO_ORDER_ACT_NOT_EFFECTIVE'),
       ('F8523E75-9070-4A60-991A-BF22A46F0866', '54359BC4-3AD3-41AA-B3FF-06BC23302D5D',
        'DF20D5BD-F16A-48B0-9922-0D5E537DCB24',
        '88905949-3733-41DB-918C-047262D29B52', '4DD576FE-F4DD-4E95-9274-0BA553D056B9',
        '4EDB9A68-FA61-4581-85B3-0670868E73F9',
        '2005-01-03', '2005-01-03', 3.45626, -76.4909, false, 'TO_CREATE_VALIDATION'),
       ('F8523E75-9070-4A60-991A-BF22A46F0866', 'D90BADA4-8B38-4660-B94E-3956E2F70272',
        'DF20D5BD-F16A-48B0-9922-0D5E537DCB24',
        '88905949-3733-41DB-918C-047262D29B52', '4DD576FE-F4DD-4E95-9274-0BA553D056B9',
        '4EDB9A68-FA61-4581-85B3-0670868E73F9',
        '1973-07-07', '1973-07-07', 3.45626, -76.4909, true, 'TO_UPDATE_VALIDATION'),
       ('F8523E75-9070-4A60-991A-BF22A46F0866', '51240731-CB42-41E3-A904-20C06198521E',
        '3CEB0340-BE84-4FAC-B5E4-CF3F7254EDBB',
        '88905949-3733-41DB-918C-047262D29B52', '4DD576FE-F4DD-4E95-9274-0BA553D056B9',
        '4EDB9A68-FA61-4581-85B3-0670868E73F9',
        '2020-01-15', '2020-01-15', 3.45626, -76.4909, false, 'FOR_FILTERING'),
       ('F8523E75-9070-4A60-991A-BF22A46F0866', '81640F84-EBF2-4A77-B7D5-0F7B61584925',
        'DF20D5BD-F16A-48B0-9922-0D5E537DCB24',
        '88905949-3733-41DB-918C-047262D29B52', '4DD576FE-F4DD-4E95-9274-0BA553D056B9',
        'B06960C6-34A3-47A6-B38D-98BAF7374B21',
        '2020-01-15', '2020-01-15', 3.45626, -76.4909, false, 'ACTIVITY_FOR_PURPOSE')
ON CONFLICT DO NOTHING;
INSERT INTO SALES_ACTIVITIES_CAMPAIGN_DETAILS(TENANT_ID, ID, ACTIVITY_ID, CAMPAIGN_ID, DETAILS)
VALUES ('F8523E75-9070-4A60-991A-BF22A46F0866', '91F4CFAC-E51D-4BC0-9FFA-A2D49FF0AC8D',
        '4C75CAA7-FD49-49EB-9953-B4CA4C239004',
        '4EDB9A68-FA61-4581-85B3-0670868E73F9', 'DETAIL_EXISTENT'),
       ('F8523E75-9070-4A60-991A-BF22A46F0866', 'B1239142-0E56-4711-8D41-1284F2A0A65F',
        '99F0F71F-6E91-488C-988C-BD1B9AD4A267',
        '4EDB9A68-FA61-4581-85B3-0670868E73F9', 'DETAIL_EXISTENT_UPDATE'),
       ('F8523E75-9070-4A60-991A-BF22A46F0866', 'E62F2263-45F0-4768-8582-E0B0AB267F1E',
        '0A2A4E13-1DAF-45D6-91AC-E3D09A5DC4D6',
        '4EDB9A68-FA61-4581-85B3-0670868E73F9', 'DETAIL_EXISTENT_DELETE'),
       ('F8523E75-9070-4A60-991A-BF22A46F0866', 'C22BF7FD-18A6-4CA1-8F24-C4865B481F51',
        '51240731-CB42-41E3-A904-20C06198521E',
        '4EDB9A68-FA61-4581-85B3-0670868E73F9', 'DETAIL_FOR_FILTERING'),
       ('F8523E75-9070-4A60-991A-BF22A46F0866', 'E247282A-C51A-4164-8A4A-1644EED256FC',
        '4C75CAA7-FD49-49EB-9953-B4CA4C239004',
        '6E53F22B-7ADB-4F76-9FA0-87BD60B816C4', 'DETAIL_FOR_CAMPAIGN')
ON CONFLICT DO NOTHING;

INSERT INTO SALES_ACTIVITIES_TASKS_DETAILS(TENANT_ID, ID, ACTIVITY_ID, TASK_ID, DETAILS)
VALUES ('F8523E75-9070-4A60-991A-BF22A46F0866', '91F4CFAC-E51D-4BC0-9FFA-A2D49FF0AC8D',
        '4C75CAA7-FD49-49EB-9953-B4CA4C239004',
        '4EDB9A68-FA61-4581-85B3-0670868E73F9', 'DETAIL_EXISTENT'),
       ('F8523E75-9070-4A60-991A-BF22A46F0866', 'B1239142-0E56-4711-8D41-1284F2A0A65F',
        '99F0F71F-6E91-488C-988C-BD1B9AD4A267',
        '4EDB9A68-FA61-4581-85B3-0670868E73F9', 'DETAIL_EXISTENT_UPDATE'),
       ('F8523E75-9070-4A60-991A-BF22A46F0866', 'E62F2263-45F0-4768-8582-E0B0AB267F1E',
        '0A2A4E13-1DAF-45D6-91AC-E3D09A5DC4D6',
        '4EDB9A68-FA61-4581-85B3-0670868E73F9', 'DETAIL_EXISTENT_DELETE'),
       ('F8523E75-9070-4A60-991A-BF22A46F0866', '486F079A-115A-45A8-87BD-1104ACE0AA85',
        '51240731-CB42-41E3-A904-20C06198521E',
        '4EDB9A68-FA61-4581-85B3-0670868E73F9', 'TASK_FOR_FILTERING'),
       ('F8523E75-9070-4A60-991A-BF22A46F0866', '91A419FA-4847-4892-9A5F-DF0A55C84EFC',
        '4C75CAA7-FD49-49EB-9953-B4CA4C239004', 'A2109A10-59B7-4845-86A3-2BB877C258DC', 'DETAIL_FOR_TASK')
ON CONFLICT DO NOTHING;

